<?xml version="1.0" encoding="UTF-8"?>
<GenRun Id="synth_1" LaunchPart="xc7vx485tffg1157-1" LaunchTime="1747763777">
  <File Type="PA-TCL" Name="ramdual256.tcl"/>
  <File Type="RDS-PROPCONSTRS" Name="ramdual256_drc_synth.rpt"/>
  <File Type="REPORTS-TCL" Name="ramdual256_reports.tcl"/>
  <File Type="RDS-RDS" Name="ramdual256.vds"/>
  <File Type="RDS-UTIL" Name="ramdual256_utilization_synth.rpt"/>
  <File Type="RDS-UTIL-PB" Name="ramdual256_utilization_synth.pb"/>
  <File Type="RDS-DCP" Name="ramdual256.dcp"/>
  <File Type="VDS-TIMINGSUMMARY" Name="ramdual256_timing_summary_synth.rpt"/>
  <File Type="VDS-TIMING-PB" Name="ramdual256_timing_summary_synth.pb"/>
  <FileSet Name="sources" Type="DesignSrcs" RelSrcDir="$PSRCDIR/sources_1" RelGenDir="$PGENDIR/sources_1">
    <Filter Type="Srcs"/>
    <File Path="$PSRCDIR/sources_1/new/ramdual256.vhd">
      <FileInfo>
        <Attr Name="UsedIn" Val="synthesis"/>
        <Attr Name="UsedIn" Val="simulation"/>
      </FileInfo>
    </File>
    <Config>
      <Option Name="DesignMode" Val="RTL"/>
      <Option Name="TopModule" Val="ramdual256"/>
      <Option Name="TopAutoSet" Val="TRUE"/>
    </Config>
  </FileSet>
  <FileSet Name="constrs_in" Type="Constrs" RelSrcDir="$PSRCDIR/constrs_1">
    <Filter Type="Constrs"/>
    <Config>
      <Option Name="ConstrsType" Val="XDC"/>
    </Config>
  </FileSet>
  <FileSet Name="utils" Type="Utils" RelSrcDir="$PSRCDIR/utils_1">
    <Filter Type="Utils"/>
    <Config>
      <Option Name="TopAutoSet" Val="TRUE"/>
    </Config>
  </FileSet>
  <Strategy Version="1" Minor="2">
    <StratHandle Name="Vivado Synthesis Defaults" Flow="Vivado Synthesis 2022"/>
    <Step Id="synth_design"/>
  </Strategy>
</GenRun>
