<?xml version="1.0" encoding="UTF-8"?>
<GenRun Id="synth_1" LaunchPart="xc7vx485tffg1157-1" LaunchTime="1746192660">
  <File Type="PA-TCL" Name="evenodd.tcl"/>
  <File Type="RDS-PROPCONSTRS" Name="evenodd_drc_synth.rpt"/>
  <File Type="REPORTS-TCL" Name="evenodd_reports.tcl"/>
  <File Type="RDS-RDS" Name="evenodd.vds"/>
  <File Type="RDS-UTIL" Name="evenodd_utilization_synth.rpt"/>
  <File Type="RDS-UTIL-PB" Name="evenodd_utilization_synth.pb"/>
  <File Type="RDS-DCP" Name="evenodd.dcp"/>
  <File Type="VDS-TIMINGSUMMARY" Name="evenodd_timing_summary_synth.rpt"/>
  <File Type="VDS-TIMING-PB" Name="evenodd_timing_summary_synth.pb"/>
  <FileSet Name="sources" Type="DesignSrcs" RelSrcDir="$PSRCDIR/sources_1" RelGenDir="$PGENDIR/sources_1">
    <Filter Type="Srcs"/>
    <File Path="$PSRCDIR/sources_1/new/evenodd.vhd">
      <FileInfo>
        <Attr Name="UsedIn" Val="synthesis"/>
        <Attr Name="UsedIn" Val="simulation"/>
      </FileInfo>
    </File>
    <Config>
      <Option Name="DesignMode" Val="RTL"/>
      <Option Name="TopModule" Val="evenodd"/>
      <Option Name="TopAutoSet" Val="TRUE"/>
    </Config>
  </FileSet>
  <FileSet Name="constrs_in" Type="Constrs" RelSrcDir="$PSRCDIR/constrs_1">
    <Filter Type="Constrs"/>
    <Config>
      <Option Name="ConstrsType" Val="XDC"/>
    </Config>
  </FileSet>
  <FileSet Name="utils" Type="Utils" RelSrcDir="$PSRCDIR/utils_1">
    <Filter Type="Utils"/>
    <Config>
      <Option Name="TopAutoSet" Val="TRUE"/>
    </Config>
  </FileSet>
  <Strategy Version="1" Minor="2">
    <StratHandle Name="Vivado Synthesis Defaults" Flow="Vivado Synthesis 2022"/>
    <Step Id="synth_design"/>
  </Strategy>
</GenRun>
